oa_url,id,title,publication_year,is_oa,doi,downloaded_filename
https://www.jstage.jst.go.jp/article/pfr/15/0/15_2402039/_pdf,https://openalex.org/W3038568908,Radiation Resistant Camera System for Monitoring Deuterium Plasma Discharges in the Large Helical Device,2020,True,https://doi.org/10.1585/pfr.15.2402039,
https://www.jbc.org/article/S0021-9258(19)52451-6/pdf,https://openalex.org/W1775749144,PROTEIN MEASUREMENT WITH THE FOLIN PHENOL REAGENT,1951,True,https://doi.org/10.1016/s0021-9258(19)52451-6,15_2402039.pdf
https://www.tandfonline.com/doi/abs/10.1191/1478088706qp063oa,https://openalex.org/W1979290264,Using thematic analysis in psychology,2006,True,https://doi.org/10.1191/1478088706qp063oa,
https://link.springer.com/content/pdf/10.1023/A:1010933404324.pdf,https://openalex.org/W2911964244,Random Forests,2001,True,https://doi.org/10.1023/a:1010933404324,
https://onlinelibrary.wiley.com/doi/pdfdirect/10.3322/caac.21660,https://openalex.org/W3128646645,Global Cancer Statistics 2020: GLOBOCAN Estimates of Incidence and Mortality Worldwide for 36 Cancers in 185 Countries,2021,True,https://doi.org/10.3322/caac.21660,CA A Cancer J Clinicians - 2021 - Sung - Global Cancer Statistics 2020  GLOBOCAN Estimates of Incidence and Mortality.pdf
https://genomebiology.biomedcentral.com/counter/pdf/10.1186/s13059-014-0550-8,https://openalex.org/W2179438025,Moderated estimation of fold change and dispersion for RNA-seq data with DESeq2,2014,True,https://doi.org/10.1186/s13059-014-0550-8,s13059-014-0550-8.pdf
https://journals.iucr.org/a/issues/2008/01/00/sc5010/sc5010.pdf,https://openalex.org/W2131350133,A short history of<i>SHELX</i>,2007,True,https://doi.org/10.1107/s0108767307043930,sc5010.pdf
https://onlinelibrary.wiley.com/doi/pdfdirect/10.3322/caac.21492,https://openalex.org/W2889646458,Global cancer statistics 2018: GLOBOCAN estimates of incidence and mortality worldwide for 36 cancers in 185 countries,2018,True,https://doi.org/10.3322/caac.21492,CA A Cancer J Clinicians - 2018 - Bray - Global cancer statistics 2018  GLOBOCAN estimates of incidence and mortality.pdf
https://link.springer.com/content/pdf/10.1007/978-3-319-24574-4_28.pdf,https://openalex.org/W1901129140,U-Net: Convolutional Networks for Biomedical Image Segmentation,2015,True,https://doi.org/10.1007/978-3-319-24574-4_28,978-3-319-24574-4_28.pdf
https://www.bmj.com/content/bmj/339/bmj.b2535.full.pdf,https://openalex.org/W2156098321,Preferred reporting items for systematic reviews and meta-analyses: the PRISMA statement,2009,True,https://doi.org/10.1136/bmj.b2535,bmj.b2535.full.pdf
https://www.bmj.com/content/bmj/372/bmj.n71.full.pdf,https://openalex.org/W3118615836,The PRISMA 2020 statement: an updated guideline for reporting systematic reviews,2021,True,https://doi.org/10.1136/bmj.n71,bmj.n71.full.pdf
https://www.jstatsoft.org/index.php/jss/article/view/v067i01/v67i01.pdf,https://openalex.org/W1951724000,Fitting Linear Mixed-Effects Models Using<b>lme4</b>,2015,True,https://doi.org/10.18637/jss.v067.i01,v67i01.pdf
http://dl.acm.org/ft_gateway.cfm?id=3065386&type=pdf,https://openalex.org/W2163605009,ImageNet classification with deep convolutional neural networks,2017,True,https://doi.org/10.1145/3065386,3065386.pdf
https://hdl.handle.net/2027.42/171116,https://openalex.org/W2164777277,The Measurement of Observer Agreement for Categorical Data,1977,True,https://doi.org/10.2307/2529310,
https://academic.oup.com/nar/article-pdf/25/17/3389/3639509/25-17-3389.pdf,https://openalex.org/W2158714788,Gapped BLAST and PSI-BLAST: a new generation of protein database search programs,1997,True,https://doi.org/10.1093/nar/25.17.3389,25-17-3389.pdf
https://drops.dagstuhl.de/storage/00lipics/lipics-vol268-itp2023/LIPIcs.ITP.2023.19/LIPIcs.ITP.2023.19.pdf,https://openalex.org/W4385245566,MizAR 60 for Mizar 50,2023,True,https://doi.org/10.4230/lipics.itp.2023.19,LIPIcs.ITP.2023.19.pdf
https://academic.oup.com/bioinformatics/article-pdf/30/15/2114/48924714/bioinformatics_30_15_2114.pdf,https://openalex.org/W2131271579,Trimmomatic: a flexible trimmer for Illumina sequence data,2014,True,https://doi.org/10.1093/bioinformatics/btu170,bioinformatics_30_15_2114.pdf
https://arxiv.org/pdf/cond-mat/0410550,https://openalex.org/W2058122340,Electric Field Effect in Atomically Thin Carbon Films,2004,True,https://doi.org/10.1126/science.1102896,0410550v1.pdf
http://www.cell.com/article/S0092867411001279/pdf,https://openalex.org/W2117692326,Hallmarks of Cancer: The Next Generation,2011,True,https://doi.org/10.1016/j.cell.2011.02.013,PIIS0092867411001279.pdf
https://academic.oup.com/bioinformatics/article-pdf/25/16/2078/48994296/bioinformatics_25_16_2078.pdf,https://openalex.org/W2108234281,The Sequence Alignment/Map format and SAMtools,2009,True,https://doi.org/10.1093/bioinformatics/btp352,bioinformatics_25_16_2078.pdf
https://arxiv.org/pdf/1201.0490,https://openalex.org/W2101234009,Scikit-learn: Machine Learning in Python,2012,True,https://doi.org/10.48550/arxiv.1201.0490,1201.0490v4.pdf
https://www.nature.com/articles/nmeth.2089.pdf,https://openalex.org/W2099540110,NIH Image to ImageJ: 25 years of image analysis,2012,True,https://doi.org/10.1038/nmeth.2089,
http://link.aps.org/pdf/10.1103/PhysRev.140.A1133,https://openalex.org/W2230728100,Self-Consistent Equations Including Exchange and Correlation Effects,1965,True,https://doi.org/10.1103/physrev.140.a1133,PhysRev.140.A1133.pdf
https://academic.oup.com/bioinformatics/article-pdf/25/14/1754/48994219/bioinformatics_25_14_1754.pdf,https://openalex.org/W2103441770,Fast and accurate short read alignment with Burrows–Wheeler transform,2009,True,https://doi.org/10.1093/bioinformatics/btp324,bioinformatics_25_14_1754.pdf
https://academic.oup.com/mbe/article-pdf/4/4/406/11167444/7sait.pdf,https://openalex.org/W2097706568,The neighbor-joining method: a new method for reconstructing phylogenetic trees.,1987,True,https://doi.org/10.1093/oxfordjournals.molbev.a040454,7sait.pdf
https://link.springer.com/content/pdf/10.3758%2FBF03193146.pdf,https://openalex.org/W2087484885,"G*Power 3: A flexible statistical power analysis program for the social, behavioral, and biomedical sciences",2007,True,https://doi.org/10.3758/bf03193146,BF03193146.pdf
https://hal.science/hal-03926082/document,https://openalex.org/W2112796928,Gradient-based learning applied to document recognition,1998,True,https://doi.org/10.1109/5.726791,lecun1998.pdf
https://onlinelibrary.wiley.com/doi/pdfdirect/10.3322/caac.20107,https://openalex.org/W2106787323,Global cancer statistics,2011,True,https://doi.org/10.3322/caac.20107,CA A Cancer J Clinicians - 2011 - Jemal - Global cancer statistics.pdf
https://conservancy.umn.edu/bitstreams/048971e8-d975-4685-8b22-d5f57231a77f/download,https://openalex.org/W2112778345,The CES-D Scale,1977,True,https://doi.org/10.1177/014662167700100306,v01n3p385.pdf
https://academic.oup.com/bioinformatics/article-pdf/29/1/15/17101697/bts635.pdf,https://openalex.org/W2169456326,STAR: ultrafast universal RNA-seq aligner,2012,True,https://doi.org/10.1093/bioinformatics/bts635,bioinformatics_29_1_15.pdf
http://www.thelancet.com/article/S0140673620301835/pdf,https://openalex.org/W3001118548,"Clinical features of patients infected with 2019 novel coronavirus in Wuhan, China",2020,True,https://doi.org/10.1016/s0140-6736(20)30183-5,PIIS0140673620301835.pdf
https://academic.oup.com/mbe/article-pdf/30/12/2725/19498310/mst197.pdf,https://openalex.org/W2152207030,MEGA6: Molecular Evolutionary Genetics Analysis Version 6.0,2013,True,https://doi.org/10.1093/molbev/mst197,mst197.pdf
https://karger.com/cpb/article-pdf/31/4-5/683/2424835/000350087.pdf,https://openalex.org/W2018289835,"Short-Term Effects of Nose-Only Cigarette Smoke Exposure on Glutathione Redox Homeostasis, Cytochrome P450 1A1/2 and Respiratory Enzyme Activities in Mice Tissues",2013,True,https://doi.org/10.1159/000350087,000350087.pdf
https://academic.oup.com/nar/article-pdf/32/5/1792/7055030/gkh340.pdf,https://openalex.org/W2132926880,MUSCLE: multiple sequence alignment with high accuracy and high throughput,2004,True,https://doi.org/10.1093/nar/gkh340,gkh340.pdf
https://academic.oup.com/mbe/article-pdf/30/4/772/6420419/mst010.pdf,https://openalex.org/W2160378127,MAFFT Multiple Sequence Alignment Software Version 7: Improvements in Performance and Usability,2013,True,https://doi.org/10.1093/molbev/mst010,mst010.pdf
https://academic.oup.com/mbe/article-pdf/33/7/1870/7948752/msw054.pdf,https://openalex.org/W2311203695,MEGA7: Molecular Evolutionary Genetics Analysis Version 7.0 for Bigger Datasets,2016,True,https://doi.org/10.1093/molbev/msw054,mbe_33_7_1870.pdf
http://dl.acm.org/ft_gateway.cfm?id=2939785&type=pdf,https://openalex.org/W2295598076,XGBoost,2016,True,https://doi.org/10.1145/2939672.2939785,2939672.2939785.pdf
https://academic.oup.com/bioinformatics/article-pdf/26/1/139/48851299/bioinformatics_26_1_139.pdf,https://openalex.org/W2114104545,<tt>edgeR</tt> : a Bioconductor package for differential expression analysis of digital gene expression data,2009,True,https://doi.org/10.1093/bioinformatics/btp616,bioinformatics_26_1_139.pdf
https://link.springer.com/content/pdf/10.1007/BF02310555.pdf,https://openalex.org/W2159306398,Coefficient Alpha and the Internal Structure of Tests,1951,True,https://doi.org/10.1007/bf02310555,
https://onlinelibrary.wiley.com/doi/pdfdirect/10.1111/j.1558-5646.1985.tb00420.x,https://openalex.org/W2030966943,CONFIDENCE LIMITS ON PHYLOGENIES: AN APPROACH USING THE BOOTSTRAP,1985,True,https://doi.org/10.1111/j.1558-5646.1985.tb00420.x,Evolution - July 1985 - Felsenstein - CONFIDENCE LIMITS ON PHYLOGENIES  AN APPROACH USING THE BOOTSTRAP.pdf
https://www.nature.com/articles/s41586-021-03819-2.pdf,https://openalex.org/W3177828909,Highly accurate protein structure prediction with AlphaFold,2021,True,https://doi.org/10.1038/s41586-021-03819-2,s41586-021-03819-2.pdf
http://journals.iucr.org/c/issues/2015/01/00/fa3356/fa3356.pdf,https://openalex.org/W1969360633,Crystal structure refinement with<i>SHELXL</i>,2014,True,https://doi.org/10.1107/s2053229614024218,fa3356.pdf
https://link.springer.com/content/pdf/10.1007%2F978-3-319-10602-1_48.pdf,https://openalex.org/W1861492603,Microsoft COCO: Common Objects in Context,2014,True,https://doi.org/10.1007/978-3-319-10602-1_48,978-3-319-10602-1_48.pdf
https://academic.oup.com/nar/article-pdf/43/7/e47/7207289/gkv007.pdf,https://openalex.org/W2146512944,limma powers differential expression analyses for RNA-sequencing and microarray studies,2015,True,https://doi.org/10.1093/nar/gkv007,gkv007.pdf
https://academic.oup.com/mbe/article-pdf/28/10/2731/2954190/msr121.pdf,https://openalex.org/W2132632499,"MEGA5: Molecular Evolutionary Genetics Analysis Using Maximum Likelihood, Evolutionary Distance, and Maximum Parsimony Methods",2011,True,https://doi.org/10.1093/molbev/msr121,msr121.pdf
https://link.springer.com/content/pdf/10.1007/BF00994018.pdf,https://openalex.org/W4239510810,Support-vector networks,1995,True,https://doi.org/10.1007/bf00994018,BF00994018.pdf
https://academic.oup.com/nar/article-pdf/25/24/4876/4897770/25-24-4876.pdf,https://openalex.org/W2097382368,The CLUSTAL_X windows interface: flexible strategies for multiple sequence alignment aided by quality analysis tools,1997,True,https://doi.org/10.1093/nar/25.24.4876,25-24-4876.pdf
https://rss.onlinelibrary.wiley.com/doi/pdfdirect/10.1111/j.2517-6161.1972.tb00899.x,https://openalex.org/W3147894994,Regression Models and Life-Tables,1972,True,https://doi.org/10.1111/j.2517-6161.1972.tb00899.x,
https://academic.oup.com/nar/article-pdf/28/1/27/9895154/280027.pdf,https://openalex.org/W4294216483,KEGG: Kyoto Encyclopedia of Genes and Genomes,2000,True,https://doi.org/10.1093/nar/28.1.27,280027.pdf
https://academic.oup.com/intqhc/article-pdf/19/6/349/5070113/mzm042.pdf,https://openalex.org/W2138664283,Consolidated criteria for reporting qualitative research (COREQ): a 32-item checklist for interviews and focus groups,2007,True,https://doi.org/10.1093/intqhc/mzm042,
https://academic.oup.com/mbe/article-pdf/35/6/1547/25091958/msy096.pdf,https://openalex.org/W2799524357,MEGA X: Molecular Evolutionary Genetics Analysis across Computing Platforms,2018,True,https://doi.org/10.1093/molbev/msy096,msy096.pdf
https://arxiv.org/pdf/cond-mat/9910332,https://openalex.org/W2008620264,Emergence of Scaling in Random Networks,1999,True,https://doi.org/10.1126/science.286.5439.509,9910332v1.pdf
http://www.cell.com/article/S0002929707613524/pdf,https://openalex.org/W2161633633,PLINK: A Tool Set for Whole-Genome Association and Population-Based Linkage Analyses,2007,True,https://doi.org/10.1086/519795,PIIS0002929707613524.pdf
https://onlinelibrary.wiley.com/doi/pdfdirect/10.1002/jcc.21334,https://openalex.org/W2134967712,"AutoDock Vina: Improving the speed and accuracy of docking with a new scoring function, efficient optimization, and multithreading",2009,True,https://doi.org/10.1002/jcc.21334,
http://www.cell.com/article/S0092867404000455/pdf,https://openalex.org/W144423133,MicroRNAs,2004,True,https://doi.org/10.1016/s0092-8674(04)00045-5,PIIS0092867404000455.pdf
https://academic.oup.com/nar/article-pdf/29/9/e45/9901003/2900e45.pdf,https://openalex.org/W2108244474,A new mathematical model for relative quantification in real-time RT-PCR,2001,True,https://doi.org/10.1093/nar/29.9.e45,2900e45.pdf
https://www.nature.com/articles/s41592-019-0686-2.pdf,https://openalex.org/W3003257820,SciPy 1.0: fundamental algorithms for scientific computing in Python,2020,True,https://doi.org/10.1038/s41592-019-0686-2,s41592-019-0686-2.pdf
https://academic.oup.com/genetics/article-pdf/155/2/945/35125695/genetics0945.pdf,https://openalex.org/W2098126593,Inference of Population Structure Using Multilocus Genotype Data,2000,True,https://doi.org/10.1093/genetics/155.2.945,
https://journal.embnet.org/index.php/embnetjournal/article/download/200/458,https://openalex.org/W2036897871,Cutadapt removes adapter sequences from high-throughput sequencing reads,2011,True,https://doi.org/10.14806/ej.17.1.200,200-1885-3-PB.pdf
https://link.springer.com/content/pdf/10.3758/BRM.41.4.1149.pdf,https://openalex.org/W2072500831,Statistical power analyses using G*Power 3.1: Tests for correlation and regression analyses,2009,True,https://doi.org/10.3758/brm.41.4.1149,BRM.41.4.1149.pdf
https://academic.oup.com/bioinformatics/article-pdf/30/9/1312/48923136/bioinformatics_30_9_1312.pdf,https://openalex.org/W2141052558,RAxML version 8: a tool for phylogenetic analysis and post-analysis of large phylogenies,2014,True,https://doi.org/10.1093/bioinformatics/btu033,bioinformatics_30_9_1312.pdf
https://www.bmj.com/content/bmj/343/bmj.d5928.full.pdf,https://openalex.org/W2098923148,The Cochrane Collaboration's tool for assessing risk of bias in randomised trials,2011,True,https://doi.org/10.1136/bmj.d5928,bmj.d5928.full.pdf
https://academic.oup.com/nar/article-pdf/27/1/29/4065516/27-1-29.pdf,https://openalex.org/W2159482845,KEGG: Kyoto Encyclopedia of Genes and Genomes,1999,True,https://doi.org/10.1093/nar/27.1.29,27-1-29.pdf
https://jnnp.bmj.com/content/jnnp/23/1/56.full.pdf,https://openalex.org/W2114613490,A RATING SCALE FOR DEPRESSION,1960,True,https://doi.org/10.1136/jnnp.23.1.56,
https://academic.oup.com/nar/article-pdf/41/D1/D590/3690367/gks1219.pdf,https://openalex.org/W2034285706,The SILVA ribosomal RNA gene database project: improved data processing and web-based tools,2012,True,https://doi.org/10.1093/nar/gks1219,gks1219.pdf
https://link.springer.com/content/pdf/10.1023/A:1022627411411.pdf,https://openalex.org/W2119821739,Support-Vector Networks,1995,True,https://doi.org/10.1023/a:1022627411411,A_1022627411411.pdf
https://link.springer.com/content/pdf/10.3758/BRM.40.3.879.pdf,https://openalex.org/W2038702827,Asymptotic and resampling strategies for assessing and comparing indirect effects in multiple mediator models,2008,True,https://doi.org/10.3758/brm.40.3.879,BRM.40.3.879.pdf
https://www.karger.com/Article/Pdf/453569,https://openalex.org/W2560367415,PD-1 and PD-L1 Immune Checkpoint Blockade to Treat Breast Cancer,2016,True,https://doi.org/10.1159/000453569,
https://link.springer.com/content/pdf/10.1007/BF00280883.pdf,https://openalex.org/W2160234571,Homeostasis model assessment: insulin resistance and ?-cell function from fasting plasma glucose and insulin concentrations in man,1985,True,https://doi.org/10.1007/bf00280883,BF00280883.pdf
http://journals.iucr.org/d/issues/2004/12/01/ba5070/ba5070.pdf,https://openalex.org/W2144081223,<i>Coot</i>: model-building tools for molecular graphics,2004,True,https://doi.org/10.1107/s0907444904019158,ba5070.pdf
https://www.gimjournal.org/article/S1098-3600(21)03031-8/pdf,https://openalex.org/W2051978340,Standards and guidelines for the interpretation of sequence variants: a joint consensus recommendation of the American College of Medical Genetics and Genomics and the Association for Molecular Pathology,2015,True,https://doi.org/10.1038/gim.2015.30,PIIS1098360021030318.pdf
https://repositorio.unal.edu.co/handle/unal/81004,https://openalex.org/W3001897055,"A Novel Coronavirus from Patients with Pneumonia in China, 2019",2020,True,https://doi.org/10.1056/nejmoa2001017,
https://academic.oup.com/biomet/article-pdf/70/1/41/662954/70-1-41.pdf,https://openalex.org/W2150291618,The central role of the propensity score in observational studies for causal effects,1983,True,https://doi.org/10.1093/biomet/70.1.41,
https://www.karger.com/Article/Pdf/468530,https://openalex.org/W2607031541,"Magnesium Replacement Improves the Metabolic Profile in Obese and Pre-Diabetic Patients with Mild-to-Moderate Chronic Kidney Disease: A 3-Month, Randomised, Double-Blind, Placebo-Controlled Study",2017,True,https://doi.org/10.1159/000468530,000468530.pdf
https://link.springer.com/content/pdf/10.1007/s11747-014-0403-8.pdf,https://openalex.org/W2105846236,A new criterion for assessing discriminant validity in variance-based structural equation modeling,2014,True,https://doi.org/10.1007/s11747-014-0403-8,s11747-014-0403-8.pdf
https://academic.oup.com/bioinformatics/article-pdf/19/12/1572/48904554/bioinformatics_19_12_1572.pdf,https://openalex.org/W2146058063,MrBayes 3: Bayesian phylogenetic inference under mixed models,2003,True,https://doi.org/10.1093/bioinformatics/btg180,bioinformatics_19_12_1572.pdf
https://link.springer.com/content/pdf/10.1007/s00214-007-0310-x.pdf,https://openalex.org/W2150697053,"The M06 suite of density functionals for main group thermochemistry, thermochemical kinetics, noncovalent interactions, excited states, and transition elements: two new functionals and systematic testing of four M06-class functionals and 12 other functionals",2007,True,https://doi.org/10.1007/s00214-007-0310-x,s00214-007-0310-x.pdf
https://www.jair.org/index.php/jair/article/download/10302/24590,https://openalex.org/W2148143831,SMOTE: Synthetic Minority Over-sampling Technique,2002,True,https://doi.org/10.1613/jair.953,live-953-2037-jair.pdf
http://www.thelancet.com/article/S0140673620305663/pdf,https://openalex.org/W3009885589,"Clinical course and risk factors for mortality of adult inpatients with COVID-19 in Wuhan, China: a retrospective cohort study",2020,True,https://doi.org/10.1016/s0140-6736(20)30566-3,PIIS0140673620305663.pdf
https://academic.oup.com/mbe/article-pdf/24/8/1596/3858330/msm092.pdf,https://openalex.org/W2125121305,MEGA4: Molecular Evolutionary Genetics Analysis (MEGA) Software Version 4.0,2007,True,https://doi.org/10.1093/molbev/msm092,msm092.pdf
https://onlinelibrary.wiley.com/doi/pdfdirect/10.1002/ijc.29210,https://openalex.org/W1757407923,"Cancer incidence and mortality worldwide: Sources, methods and major patterns in GLOBOCAN 2012",2014,True,https://doi.org/10.1002/ijc.29210,
https://academic.oup.com/bioinformatics/article-pdf/23/21/2947/49823064/bioinformatics_23_21_2947.pdf,https://openalex.org/W2137015675,Clustal W and Clustal X version 2.0,2007,True,https://doi.org/10.1093/bioinformatics/btm404,bioinformatics_23_21_2947.pdf
http://journals.iucr.org/d/issues/2010/04/00/ba5144/ba5144.pdf,https://openalex.org/W2124026197,Features and development of <i>Coot</i>,2010,True,https://doi.org/10.1107/s0907444910007493,ba5144.pdf
https://academic.oup.com/bioinformatics/article-pdf/26/6/841/48854754/bioinformatics_26_6_841.pdf,https://openalex.org/W2102619694,BEDTools: a flexible suite of utilities for comparing genomic features,2010,True,https://doi.org/10.1093/bioinformatics/btq033,bioinformatics_26_6_841.pdf
http://www.cell.com/article/S0092867400816839/pdf,https://openalex.org/W2034269086,The Hallmarks of Cancer,2000,True,https://doi.org/10.1016/s0092-8674(00)81683-9,PIIS0092867400816839.pdf
https://iopscience.iop.org/article/10.1088/0953-8984/21/39/395502/pdf,https://openalex.org/W2120145199,QUANTUM ESPRESSO: a modular and open-source software project for quantum simulations of materials,2009,True,https://doi.org/10.1088/0953-8984/21/39/395502,
https://n.neurology.org/content/neurology/34/7/939.full.pdf,https://openalex.org/W2156220037,Clinical diagnosis of Alzheimer's disease,1984,True,https://doi.org/10.1212/wnl.34.7.939,
https://doi.org/10.3168/jds.s0022-0302(91)78551-2,https://openalex.org/W1997087247,"Methods for Dietary Fiber, Neutral Detergent Fiber, and Nonstarch Polysaccharides in Relation to Animal Nutrition",1991,True,https://doi.org/10.3168/jds.s0022-0302(91)78551-2,PIIS0022030291785512.pdf
https://journals.plos.org/plosmedicine/article/file?id=10.1371/journal.pmed.1000100&type=printable,https://openalex.org/W3022903699,The PRISMA Statement for Reporting Systematic Reviews and Meta-Analyses of Studies That Evaluate Health Care Interventions: Explanation and Elaboration,2009,True,https://doi.org/10.1371/journal.pmed.1000100,file.pdf
https://bmcbioinformatics.biomedcentral.com/counter/pdf/10.1186/1471-2105-9-559,https://openalex.org/W1966327575,WGCNA: an R package for weighted correlation network analysis,2008,True,https://doi.org/10.1186/1471-2105-9-559,1471-2105-9-559.pdf
https://onlinelibrary.wiley.com/doi/pdfdirect/10.3322/caac.21262,https://openalex.org/W2917837889,"Global cancer statistics, 2012",2015,True,https://doi.org/10.3322/caac.21262,CA A Cancer J Clinicians - 2015 - Torre - Global cancer statistics  2012.pdf
https://onlinelibrary.wiley.com/doi/pdfdirect/10.1002/qj.3803,https://openalex.org/W3025949386,The ERA5 global reanalysis,2020,True,https://doi.org/10.1002/qj.3803,Quart J Royal Meteoro Soc - 2020 - Hersbach - The ERA5 global reanalysis.pdf
http://journals.iucr.org/a/issues/2015/01/00/sc5086/sc5086.pdf,https://openalex.org/W2132454074,<i>SHELXT</i>– Integrated space-group and crystal-structure determination,2014,True,https://doi.org/10.1107/s2053273314026370,sc5086.pdf
https://projecteuclid.org/journals/annals-of-statistics/volume-29/issue-5/Greedy-function-approximation-A-gradient-boosting-machine/10.1214/aos/1013203451.pdf,https://openalex.org/W1678356000,Greedy function approximation: A gradient boosting machine.,2001,True,https://doi.org/10.1214/aos/1013203451,1013203451.pdf
https://www.bmj.com/content/bmj/366/bmj.l4898.full.pdf,https://openalex.org/W2970684805,RoB 2: a revised tool for assessing risk of bias in randomised trials,2019,True,https://doi.org/10.1136/bmj.l4898,bmj.l4898.full.pdf
https://academic.oup.com/bioinformatics/article-pdf/30/7/923/633148/btt656.pdf,https://openalex.org/W2138207763,featureCounts: an efficient general purpose program for assigning sequence reads to genomic features,2013,True,https://doi.org/10.1093/bioinformatics/btt656,bioinformatics_30_7_923.pdf
https://academic.oup.com/sysbio/article-pdf/61/3/539/24563565/sys029.pdf,https://openalex.org/W2148698435,MrBayes 3.2: Efficient Bayesian Phylogenetic Inference and Model Choice Across a Large Model Space,2012,True,https://doi.org/10.1093/sysbio/sys029,sys029.pdf
http://www.cell.com/article/S0092867406009767/pdf,https://openalex.org/W2125987139,Induction of Pluripotent Stem Cells from Mouse Embryonic and Adult Fibroblast Cultures by Defined Factors,2006,True,https://doi.org/10.1016/j.cell.2006.07.024,PIIS0092867406009767.pdf
https://openjournals.uwaterloo.ca/index.php/cgjsc/article/download/3787/4744,https://openalex.org/W2118338381,Principles and Practice of Structural Equation Modeling,2012,True,https://doi.org/10.15353/cgjsc.v1i1.3787,"cgjsc,+Book+Reviews.pdf"
https://academic.oup.com/bioinformatics/article-pdf/34/17/i884/25702346/bty560.pdf,https://openalex.org/W2951912016,fastp: an ultra-fast all-in-one FASTQ preprocessor,2018,True,https://doi.org/10.1093/bioinformatics/bty560,bioinformatics_34_17_i884.pdf
https://jamanetwork.com/journals/jama/articlepdf/2492881/jsc160002.pdf,https://openalex.org/W2280404143,The Third International Consensus Definitions for Sepsis and Septic Shock (Sepsis-3),2016,True,https://doi.org/10.1001/jama.2016.0287,
http://www.gbv.de/dms/bowker/toc/9780123748560.pdf,https://openalex.org/W1570448133,Data Mining: Practical Machine Learning Tools and Techniques,2011,True,https://doi.org/10.1016/c2009-0-19715-5,
https://academic.oup.com/mbe/article-pdf/32/1/268/13171186/msu300.pdf,https://openalex.org/W2111647009,IQ-TREE: A Fast and Effective Stochastic Algorithm for Estimating Maximum-Likelihood Phylogenies,2014,True,https://doi.org/10.1093/molbev/msu300,msu300.pdf
https://systematicreviewsjournal.biomedcentral.com/counter/pdf/10.1186/2046-4053-4-1,https://openalex.org/W2161374186,Preferred reporting items for systematic review and meta-analysis protocols (PRISMA-P) 2015 statement,2015,True,https://doi.org/10.1186/2046-4053-4-1,2046-4053-4-1.pdf
https://rupress.org/jcb/article-pdf/17/1/208/1334038/208.pdf,https://openalex.org/W2127911529,THE USE OF LEAD CITRATE AT HIGH pH AS AN ELECTRON-OPAQUE STAIN IN ELECTRON MICROSCOPY,1963,True,https://doi.org/10.1083/jcb.17.1.208,
https://www.sciencedirect.com/science/article/pii/S1556370716000158,https://openalex.org/W2327037637,A Guideline of Selecting and Reporting Intraclass Correlation Coefficients for Reliability Research,2016,True,https://doi.org/10.1016/j.jcm.2016.02.012,
https://dl.acm.org/doi/pdf/10.1145/358669.358692,https://openalex.org/W2085261163,Random sample consensus,1981,True,https://doi.org/10.1145/358669.358692,358669.358692.pdf
https://www.nejm.org/doi/pdf/10.1056/NEJM199309303291401?articleTools=true,https://openalex.org/W2769264260,The Effect of Intensive Treatment of Diabetes on the Development and Progression of Long-Term Complications in Insulin-Dependent Diabetes Mellitus,1993,True,https://doi.org/10.1056/nejm199309303291401,NEJM199309303291401.pdf
http://www.softxjournal.com/article/S2352711015000059/pdf,https://openalex.org/W1031578623,GROMACS: High performance molecular simulations through multi-level parallelism from laptops to supercomputers,2015,True,https://doi.org/10.1016/j.softx.2015.06.001,
https://www.nature.com/articles/35057062.pdf,https://openalex.org/W2168909179,Initial sequencing and analysis of the human genome,2001,True,https://doi.org/10.1038/35057062,35057062.pdf
https://link.springer.com/content/pdf/bfm:978-0-387-21606-5/1?pdf=chapter%20toc,https://openalex.org/W1480376833,The Elements of Statistical Learning,2001,True,https://doi.org/10.1007/978-0-387-21606-5,1.pdf
http://link.aps.org/pdf/10.1103/RevModPhys.81.109,https://openalex.org/W2105685140,The electronic properties of graphene,2009,True,https://doi.org/10.1103/revmodphys.81.109,
http://journals.iucr.org/d/issues/2010/02/00/dz5186/dz5186.pdf,https://openalex.org/W2180229411,<i>PHENIX</i>: a comprehensive Python-based system for macromolecular structure solution,2010,True,https://doi.org/10.1107/s0907444909052925,dz5186.pdf
https://repositorio.unal.edu.co/handle/unal/79827,https://openalex.org/W4300009529,Summary for Policymakers,2014,True,https://doi.org/10.1017/cbo9781107415324.004,
https://www.osti.gov/biblio/1847416,https://openalex.org/W2128158076,Geant4—a simulation toolkit,2003,True,https://doi.org/10.1016/s0168-9002(03)01368-8,
https://www.degruyter.com/document/doi/10.1351/pac198557040603/pdf,https://openalex.org/W1980704616,Reporting physisorption data for gas/solid systems with special reference to the determination of surface area and porosity (Recommendations 1984),1985,True,https://doi.org/10.1351/pac198557040603,10.1351_pac198557040603.pdf
https://link.springer.com/content/pdf/bfm:978-3-540-39107-4/1?pdf=chapter%20toc,https://openalex.org/W3021722416,Partial Differential Equations,1988,True,https://doi.org/10.1007/bfb0082920,
https://aclanthology.org/D14-1179.pdf,https://openalex.org/W2157331557,Learning Phrase Representations using RNN Encoder–Decoder for Statistical Machine Translation,2014,True,https://doi.org/10.3115/v1/d14-1179,D14-1179.pdf
https://mdpi-res.com/bookfiles/book/5425/Numerical_Heat_Transfer_and_Fluid_Flow_2021.pdf?v=1745456692,https://openalex.org/W2124192278,Numerical Heat Transfer and Fluid Flow,2018,True,https://doi.org/10.1201/9781482234213,Numerical_Heat_Transfer_and_Fluid_Flow_2021.pdf
https://academic.oup.com/biomedgerontology/article-pdf/56/3/M146/9743160/M146.pdf,https://openalex.org/W2164059021,Frailty in Older Adults: Evidence for a Phenotype,2001,True,https://doi.org/10.1093/gerona/56.3.m146,
https://www.nature.com/articles/s41586-020-2012-7.pdf,https://openalex.org/W3004280078,A pneumonia outbreak associated with a new coronavirus of probable bat origin,2020,True,https://doi.org/10.1038/s41586-020-2012-7,s41586-020-2012-7.pdf
https://hal.science/hal-04014501/document,https://openalex.org/W2007221293,The empirical mode decomposition and the Hilbert spectrum for nonlinear and non-stationary time series analysis,1998,True,https://doi.org/10.1098/rspa.1998.0193,
http://elartu.tntu.edu.ua/bitstream/lib/42710/1/short4.pdf,https://openalex.org/W1975994995,Distribution of the Estimators for Autoregressive Time Series with a Unit Root,1979,True,https://doi.org/10.1080/01621459.1979.10482531,huang1998.pdf
http://www.thelancet.com/article/S0140673620302117/pdf,https://openalex.org/W3002108456,"Epidemiological and clinical characteristics of 99 cases of 2019 novel coronavirus pneumonia in Wuhan, China: a descriptive study",2020,True,https://doi.org/10.1016/s0140-6736(20)30211-7,PIIS0140673620302117.pdf
https://genomebiology.biomedcentral.com/counter/pdf/10.1186/gb-2009-10-3-r25,https://openalex.org/W2124985265,Ultrafast and memory-efficient alignment of short DNA sequences to the human genome,2009,True,https://doi.org/10.1186/gb-2009-10-3-r25,gb-2009-10-3-r25.pdf
https://bmcbioinformatics.biomedcentral.com/counter/pdf/10.1186/1471-2105-12-323,https://openalex.org/W1999574084,RSEM: accurate transcript quantification from RNA-Seq data with or without a reference genome,2011,True,https://doi.org/10.1186/1471-2105-12-323,1471-2105-12-323.pdf
https://academic.oup.com/bioinformatics/article-pdf/17/8/754/48837190/bioinformatics_17_8_754.pdf,https://openalex.org/W2161444534,MRBAYES: Bayesian inference of phylogenetic trees,2001,True,https://doi.org/10.1093/bioinformatics/17.8.754,bioinformatics_17_8_754.pdf
https://www.jstage.jst.go.jp/article/jsoft/29/5/29_177_2/_pdf,https://openalex.org/W2099471712,GAN（Generative Adversarial Nets）,2017,True,https://doi.org/10.3156/jsoft.29.5_177_2,29_177_2.pdf
https://academic.oup.com/plphys/article-pdf/24/1/1/35642566/plphys_v24_1_1.pdf,https://openalex.org/W1974907033,COPPER ENZYMES IN ISOLATED CHLOROPLASTS. POLYPHENOLOXIDASE IN <i>BETA VULGARIS</i>,1949,True,https://doi.org/10.1104/pp.24.1.1,plphys_v24_1_1.pdf
https://academic.oup.com/bioinformatics/article-pdf/31/2/166/49011133/bioinformatics_31_2_166.pdf,https://openalex.org/W2134526812,HTSeq—a Python framework to work with high-throughput sequencing data,2014,True,https://doi.org/10.1093/bioinformatics/btu638,bioinformatics_31_2_166.pdf
https://systematicreviewsjournal.biomedcentral.com/track/pdf/10.1186/s13643-016-0384-4,https://openalex.org/W2560438049,Rayyan—a web and mobile app for systematic reviews,2016,True,https://doi.org/10.1186/s13643-016-0384-4,
https://onlinelibrary.wiley.com/doi/pdfdirect/10.1111/j.1365-294X.2005.02553.x,https://openalex.org/W2161339576,Detecting the number of clusters of individuals using the software <scp>structure</scp>: a simulation study,2005,True,https://doi.org/10.1111/j.1365-294x.2005.02553.x,s13643-016-0384-4.pdf
https://bmcbioinformatics.biomedcentral.com/counter/pdf/10.1186/1471-2105-10-421,https://openalex.org/W2142678478,BLAST+: architecture and applications,2009,True,https://doi.org/10.1186/1471-2105-10-421,1471-2105-10-421.pdf
https://www.jstatsoft.org/index.php/jss/article/view/v082i13/v82i13.pdf,https://openalex.org/W2774486220,<b>lmerTest</b> Package: Tests in Linear Mixed Effects Models,2017,True,https://doi.org/10.18637/jss.v082.i13,v82i13.pdf
https://arxiv.org/pdf/cond-mat/0509330,https://openalex.org/W2125284466,Two-dimensional gas of massless Dirac fermions in graphene,2005,True,https://doi.org/10.1038/nature04233,
https://academic.oup.com/bioinformatics/article-pdf/26/19/2460/48857155/bioinformatics_26_19_2460.pdf,https://openalex.org/W2124351063,Search and clustering orders of magnitude faster than BLAST,2010,True,https://doi.org/10.1093/bioinformatics/btq461,bioinformatics_26_19_2460.pdf
http://www.cell.com/article/S0092867420302294/pdf,https://openalex.org/W3009912996,SARS-CoV-2 Cell Entry Depends on ACE2 and TMPRSS2 and Is Blocked by a Clinically Proven Protease Inhibitor,2020,True,https://doi.org/10.1016/j.cell.2020.02.052,PIIS0092867420302294.pdf
https://acsjournals.onlinelibrary.wiley.com/doi/pdfdirect/10.3322/caac.21590,https://openalex.org/W2999417355,"Cancer statistics, 2020",2020,True,https://doi.org/10.3322/caac.21590,CA A Cancer J Clinicians - 2020 - Siegel - Cancer statistics  2020.pdf
https://onlinelibrary.wiley.com/doi/pdfdirect/10.1111/j.1365-2648.2007.04569.x,https://openalex.org/W2067404301,The qualitative content analysis process,2008,True,https://doi.org/10.1111/j.1365-2648.2007.04569.x,
https://jamanetwork.com/journals/jama/articlepdf/2761044/jama_wang_2020_oi_200019.pdf,https://openalex.org/W3005079553,"Clinical Characteristics of 138 Hospitalized Patients With 2019 Novel Coronavirus–Infected Pneumonia in Wuhan, China",2020,True,https://doi.org/10.1001/jama.2020.1585,
https://academic.oup.com/schizophreniabulletin/article-pdf/13/2/261/5413519/13-2-261.pdf,https://openalex.org/W2140606211,The Positive and Negative Syndrome Scale (PANSS) for Schizophrenia,1987,True,https://doi.org/10.1093/schbul/13.2.261,13-2-261.pdf
https://www.nejm.org/doi/pdf/10.1056/NEJMoa043330?articleTools=true,https://openalex.org/W2096287682,Radiotherapy plus Concomitant and Adjuvant Temozolomide for Glioblastoma,2005,True,https://doi.org/10.1056/nejmoa043330,NEJMoa043330.pdf
https://onlinelibrary.wiley.com/doi/pdfdirect/10.3322/caac.21551,https://openalex.org/W2911188335,"Cancer statistics, 2019",2019,True,https://doi.org/10.3322/caac.21551,CA A Cancer J Clinicians - 2019 - Siegel - Cancer statistics  2019.pdf
https://karger.com/dee/article-pdf/3/1/360/2562810/000353441.pdf,https://openalex.org/W2148080316,"Special Care Units and Traditional Care in Dementia: Relationship with Behavior, Cognition, Functional Status and Quality of Life - A Review",2013,True,https://doi.org/10.1159/000353441,000353441.pdf
https://journals.plos.org/plosone/article/file?id=10.1371/journal.pone.0061217&type=printable,https://openalex.org/W2056279562,phyloseq: An R Package for Reproducible Interactive Analysis and Graphics of Microbiome Census Data,2013,True,https://doi.org/10.1371/journal.pone.0061217,
https://dl.acm.org/doi/pdf/10.3115/1073083.1073135,https://openalex.org/W2101105183,BLEU,2001,True,https://doi.org/10.3115/1073083.1073135,
https://mdpi-res.com/bookfiles/book/11291/Fractional_Differential_Equations.pdf?v=1754379976,https://openalex.org/W2787959293,Fractional Differential Equations,2025,True,https://doi.org/10.3390/books978-3-7258-4742-6,Fractional_Differential_Equations.pdf
http://journals.iucr.org/j/issues/2007/04/00/he5368/he5368.pdf,https://openalex.org/W2163341755,<i>Phaser</i>crystallographic software,2007,True,https://doi.org/10.1107/s0021889807021206,he5368.pdf
http://link.aps.org/pdf/10.1103/PhysRevB.23.5048,https://openalex.org/W2052637367,Self-interaction correction to density-functional approximations for many-electron systems,1981,True,https://doi.org/10.1103/physrevb.23.5048,PhysRevB.23.5048.pdf
https://academic.oup.com/nar/article-pdf/16/3/1215/4063153/16-3-1215.pdf,https://openalex.org/W2118094114,A simple salting out procedure for extracting DNA from human nucleated cells,1988,True,https://doi.org/10.1093/nar/16.3.1215,16-3-1215.pdf
https://cdnsciencepub.com/doi/pdf/10.1139/p80-159,https://openalex.org/W2038533471,Accurate spin-dependent electron liquid correlation energies for local spin density calculations: a critical analysis,1980,True,https://doi.org/10.1139/p80-159,vosko-et-al-2011-accurate-spin-dependent-electron-liquid-correlation-energies-for-local-spin-density-calculations-a.pdf
https://www.bmj.com/content/bmj/336/7650/924.full.pdf,https://openalex.org/W2165010366,GRADE: an emerging consensus on rating quality of evidence and strength of recommendations,2008,True,https://doi.org/10.1136/bmj.39489.470347.ad,
https://researchportal.unamur.be/en/publications/7dfd4aeb-32f5-4826-adf6-c04c637766d9,https://openalex.org/W2131681506,Fast unfolding of communities in large networks,2008,True,https://doi.org/10.1088/1742-5468/2008/10/p10008,
https://arxiv.org/pdf/cond-mat/0106096,https://openalex.org/W2124637492,Statistical mechanics of complex networks,2002,True,https://doi.org/10.1103/revmodphys.74.47,0106096v1.pdf
http://www.cell.com/article/S0092867409000087/pdf,https://openalex.org/W2162674813,MicroRNAs: Target Recognition and Regulatory Functions,2009,True,https://doi.org/10.1016/j.cell.2009.01.002,PIIS0092867409000087.pdf
https://academic.oup.com/bioinformatics/article-pdf/28/12/1647/48879775/bioinformatics_28_12_1647.pdf,https://openalex.org/W2128880918,Geneious Basic: An integrated and extendable desktop software platform for the organization and analysis of sequence data,2012,True,https://doi.org/10.1093/bioinformatics/bts199,bioinformatics_28_12_1647.pdf
https://academic.oup.com/jrsssb/article-pdf/67/2/301/49795094/jrsssb_67_2_301.pdf,https://openalex.org/W2122825543,Regularization and Variable Selection Via the Elastic Net,2005,True,https://doi.org/10.1111/j.1467-9868.2005.00503.x,jrsssb_67_2_301.pdf
https://karger.com/ger/article-pdf/62/2/226/2837897/000430949.pdf,https://openalex.org/W2167311298,Older Adults' Reasons for Using Technology while Aging in Place,2015,True,https://doi.org/10.1159/000430949,000430949.pdf
https://academic.oup.com/mbe/article-pdf/38/7/3022/38827102/msab120.pdf,https://openalex.org/W4251751280,MEGA11: Molecular Evolutionary Genetics Analysis Version 11,2021,True,https://doi.org/10.1093/molbev/msab120,msab120.pdf
https://genomebiology.biomedcentral.com/counter/pdf/10.1186/gb-2002-3-7-research0034,https://openalex.org/W1577577364,Accurate normalization of real-time quantitative RT-PCR data by geometric averaging of multiple internal control genes,2002,True,https://doi.org/10.1186/gb-2002-3-7-research0034,gb-2002-3-7-research0034.pdf
https://www.nature.com/articles/s41586-020-2649-2.pdf,https://openalex.org/W3035965352,Array programming with NumPy,2020,True,https://doi.org/10.1038/s41586-020-2649-2,s41586-020-2649-2.pdf
http://www.jclinepi.com/article/S0895435609001796/pdf,https://openalex.org/W2468996569,Preferred Reporting Items for Systematic Reviews and Meta-Analyses: The PRISMA Statement,2009,True,https://doi.org/10.1016/j.jclinepi.2009.06.005,PIIS0895435609001796.pdf
https://link.springer.com/content/pdf/10.1007/978-3-319-46448-0_2.pdf,https://openalex.org/W2193145675,SSD: Single Shot MultiBox Detector,2016,True,https://doi.org/10.1007/978-3-319-46448-0_2,978-3-319-46448-0_2.pdf
https://projecteuclid.org/journals/annals-of-mathematical-statistics/volume-22/issue-1/On-Information-and-Sufficiency/10.1214/aoms/1177729694.pdf,https://openalex.org/W1965555277,On Information and Sufficiency,1951,True,https://doi.org/10.1214/aoms/1177729694,1177729694.pdf
https://arxiv.org/pdf/1002.3895,https://openalex.org/W2102074887,<i>Colloquium</i>: Topological insulators,2010,True,https://doi.org/10.1103/revmodphys.82.3045,1002.3895v2.pdf
https://joss.theoj.org/papers/10.21105/joss.01686.pdf,https://openalex.org/W2990427812,Welcome to the Tidyverse,2019,True,https://doi.org/10.21105/joss.01686,joss.01686.pdf
https://www.scielo.br/j/rac/a/df6v9Bw75mgHD3S3CghVQhD/?lang=pt&format=pdf,https://openalex.org/W2021365718,"Research design: qualitative, quantitative, and mixed methods approaches",2003,True,https://doi.org/10.1590/s1415-65552003000100015,download.pdf
https://www.nature.com/articles/nature15393.pdf,https://openalex.org/W2104549677,A global reference for human genetic variation,2015,True,https://doi.org/10.1038/nature15393,nature15393.pdf
https://genomebiology.biomedcentral.com/counter/pdf/10.1186/gb-2008-9-9-r137,https://openalex.org/W2171808845,Model-based Analysis of ChIP-Seq (MACS),2008,True,https://doi.org/10.1186/gb-2008-9-9-r137,gb-2008-9-9-r137.pdf
https://journals.ametsoc.org/downloadpdf/journals/atsc/20/2/1520-0469_1963_020_0130_dnf_2_0_co_2.pdf,https://openalex.org/W2141394518,Deterministic Nonperiodic Flow,1963,True,https://doi.org/10.1175/1520-0469(1963)020<0130:dnf>2.0.co;2,atsc-1520-0469_1963_020_0130_dnf_2_0_co_2.pdf
https://www.nature.com/articles/nature11247.pdf,https://openalex.org/W2259938310,An integrated encyclopedia of DNA elements in the human genome,2012,True,https://doi.org/10.1038/nature11247,nature11247.pdf
https://www.nejm.org/doi/pdf/10.1056/NEJMoa012512?articleTools=true,https://openalex.org/W2158822657,Reduction in the Incidence of Type 2 Diabetes with Lifestyle Intervention or Metformin,2002,True,https://doi.org/10.1056/nejmoa012512,NEJMoa012512.pdf
https://karger.com/imi/article-pdf/1/4/211/3000618/000368408.pdf,https://openalex.org/W246286872,The Effect of Riding as an Alternative Treatment for Children with Cerebral Palsy: A Systematic Review and Meta-Analysis,2015,True,https://doi.org/10.1159/000368408,000368408.pdf
https://www.pure.ed.ac.uk/ws/files/7879113/ijcv_voc09.pdf,https://openalex.org/W2031489346,The Pascal Visual Object Classes (VOC) Challenge,2009,True,https://doi.org/10.1007/s11263-009-0275-4,ijcv_voc09.pdf
https://dl.acm.org/action/downloadSupplement?doi=10.1145%2F1327452.1327492&file=p107-dean.jp.pdf,https://openalex.org/W2173213060,MapReduce,2008,True,https://doi.org/10.1145/1327452.1327492,p107-dean.jp.pdf
https://onlinelibrary.wiley.com/doi/pdfdirect/10.3322/canjclin.55.2.74,https://openalex.org/W2020830322,"Global Cancer Statistics, 2002",2005,True,https://doi.org/10.3322/canjclin.55.2.74,CA A Cancer J Clinicians - March April 2005 - Parkin - Global Cancer Statistics  2002.pdf
https://arxiv.org/pdf/cond-mat/0303516,https://openalex.org/W2148606196,The Structure and Function of Complex Networks,2003,True,https://doi.org/10.1137/s003614450342480,0303516v1.pdf
https://onlinelibrary.wiley.com/doi/pdfdirect/10.3322/caac.21834,https://openalex.org/W4393935425,Global cancer statistics 2022: GLOBOCAN estimates of incidence and mortality worldwide for 36 cancers in 185 countries,2024,True,https://doi.org/10.3322/caac.21834,CA A Cancer J Clinicians - 2024 - Bray - Global cancer statistics 2022  GLOBOCAN estimates of incidence and mortality.pdf
https://academic.oup.com/sysbio/article-pdf/59/3/307/24207259/syq010.pdf,https://openalex.org/W2111211467,New Algorithms and Methods to Estimate Maximum-Likelihood Phylogenies: Assessing the Performance of PhyML 3.0,2010,True,https://doi.org/10.1093/sysbio/syq010,
https://iopscience.iop.org/article/10.1086/300499/pdf,https://openalex.org/W2073832139,Observational Evidence from Supernovae for an Accelerating Universe and a Cosmological Constant,1998,True,https://doi.org/10.1086/300499,Riess_1998_AJ_116_1009.pdf
https://onlinelibrary.wiley.com/doi/pdfdirect/10.1016/j.jalz.2011.03.005,https://openalex.org/W2115017507,The diagnosis of dementia due to Alzheimer's disease: Recommendations from the National Institute on Aging‐Alzheimer's Association workgroups on diagnostic guidelines for Alzheimer's disease,2011,True,https://doi.org/10.1016/j.jalz.2011.03.005,
https://academic.oup.com/nar/article-pdf/47/D1/D607/27437323/gky1131.pdf,https://openalex.org/W2900569176,"STRING v11: protein–protein association networks with increased coverage, supporting functional discovery in genome-wide experimental datasets",2018,True,https://doi.org/10.1093/nar/gky1131,gky1131.pdf
https://aip.scitation.org/doi/pdf/10.1063/1.447334,https://openalex.org/W2017196167,A unified formulation of the constant temperature molecular dynamics methods,1984,True,https://doi.org/10.1063/1.447334,
https://link.springer.com/content/pdf/10.1007/s11192-009-0146-3.pdf,https://openalex.org/W2150220236,"Software survey: VOSviewer, a computer program for bibliometric mapping",2009,True,https://doi.org/10.1007/s11192-009-0146-3,
http://swbplus.bsz-bw.de/bsz113647344inh.htm,https://openalex.org/W2140918013,Cultures and Organizations: Software of the Mind.,1993,True,https://doi.org/10.2307/2393257,
https://acsjournals.onlinelibrary.wiley.com/doi/pdfdirect/10.3322/caac.21338,https://openalex.org/W2272984102,"Cancer statistics in China, 2015",2016,True,https://doi.org/10.3322/caac.21338,
https://jamanetwork.com/journals/jama/articlepdf/2762130/jama_wu_2020_vp_200028.pdf,https://openalex.org/W3008028633,Characteristics of and Important Lessons From the Coronavirus Disease 2019 (COVID-19) Outbreak in China,2020,True,https://doi.org/10.1001/jama.2020.2648,
http://www.thelancet.com/article/S0140673620309259/pdf,https://openalex.org/W3092849554,"Global burden of 369 diseases and injuries in 204 countries and territories, 1990–2019: a systematic analysis for the Global Burden of Disease Study 2019",2020,True,https://doi.org/10.1016/s0140-6736(20)30925-9,
https://academic.oup.com/biomet/article-pdf/73/1/13/679793/73-1-13.pdf,https://openalex.org/W2149860264,Longitudinal data analysis using generalized linear models,1986,True,https://doi.org/10.1093/biomet/73.1.13,
https://onlinelibrary.wiley.com/doi/pdfdirect/10.3322/caac.21708,https://openalex.org/W4206841660,"Cancer statistics, 2022",2022,True,https://doi.org/10.3322/caac.21708,
https://arxiv.org/pdf/1404.7828,https://openalex.org/W2076063813,Deep learning in neural networks: An overview,2014,True,https://doi.org/10.1016/j.neunet.2014.09.003,
http://onlinejase.com/article/S0894731714007457/pdf,https://openalex.org/W2124624517,Recommendations for Cardiac Chamber Quantification by Echocardiography in Adults: An Update from the American Society of Echocardiography and the European Association of Cardiovascular Imaging,2015,True,https://doi.org/10.1016/j.echo.2014.10.003,
https://arxiv.org/pdf/0803.4060,https://openalex.org/W2057477511,Canonical sampling through velocity rescaling,2007,True,https://doi.org/10.1063/1.2408420,
http://hdl.handle.net/10072/66188,https://openalex.org/W2061438946,Grey Wolf Optimizer,2014,True,https://doi.org/10.1016/j.advengsoft.2013.12.007,
https://onlinelibrary.wiley.com/doi/pdfdirect/10.1002/jcc.20289,https://openalex.org/W2150981663,Scalable molecular dynamics with NAMD,2005,True,https://doi.org/10.1002/jcc.20289,
http://link.aps.org/pdf/10.1103/PhysRevB.48.4978.2,https://openalex.org/W1998866028,"Erratum: Atoms, molecules, solids, and surfaces: Applications of the generalized gradient approximation for exchange and correlation",1993,True,https://doi.org/10.1103/physrevb.48.4978.2,
https://drops.dagstuhl.de/entities/document/10.4230/OASIcs.LDK.2021.22,https://openalex.org/W2965373594,Transformer-Based Feature Learning for Algorithm Selection in Combinatorial Optimisation,2025,True,https://doi.org/10.4230/lipics.cp.2025.31,
https://projecteuclid.org/journals/annals-of-statistics/volume-7/issue-1/Bootstrap-Methods-Another-Look-at-the-Jackknife/10.1214/aos/1176344552.pdf,https://openalex.org/W2117897510,Bootstrap Methods: Another Look at the Jackknife,1979,True,https://doi.org/10.1214/aos/1176344552,
https://acsjournals.onlinelibrary.wiley.com/doi/pdfdirect/10.3322/caac.21654,https://openalex.org/W3119005666,"Cancer Statistics, 2021",2021,True,https://doi.org/10.3322/caac.21654,
https://www.bmj.com/content/bmj/355/bmj.i4919.full.pdf,https://openalex.org/W2531269403,ROBINS-I: a tool for assessing risk of bias in non-randomised studies of interventions,2016,True,https://doi.org/10.1136/bmj.i4919,
